<dataroot>
	<users>
		<user token="0" id="mhkapr">
			<username>mhka1382</username>
			<password>123456789!</password>
			<email>mhka1382@gmail.com</email>
			<logined>1</logined>
		</user>
		<user token="1" id="@">
			<username>hhhfdsfgs</username>
			<password>dssssssssssss</password>
			<email>df@gmail.com</email>
			<logined>1</logined>
		</user>
		<user token="1" id="@">
			<username>dfklwenclebesf</username>
			<password>dffdsferfee@#%</password>
			<email>kkfjv@gmail.com</email>
			<logined>1</logined>
		</user>
		<user token="1" id="@">
			<username>dfsdgfdgre</username>
			<password>aaaaaaaaaa!</password>
			<email>sdbh@gmail.com</email>
			<logined>1</logined>
		</user>
		<user token="1" id="@">
			<username>fffffffffffffffff</username>
			<password>sddddddddddd@#$</password>
			<email>sadff@gmail.com</email>
			<logined>1</logined>
		</user>
		<user token="1" id="@">
			<username>amirreza</username>
			<password>1234amir##</password>
			<email>amirreza@gmail.com</email>
			<logined>1</logined>
		</user>
	</users>
</dataroot>

